side,n_trials,n_ground_truth_hs,n_detected_hs,tp,fp,fn,precision,recall,mean_abs_error_ms,tolerance_ms,f1
left,1356,27623,55470,7186,48284,20437,0.1295475031548585,0.26014553089816456,29.064700445068112,50.0,0.17296282478668484
right,1356,27492,55272,15462,39810,12030,0.2797438124185845,0.5624181580096028,25.663014057153315,50.0,0.373640713353632
both,1356,55115,110742,22648,88094,32467,0.20451138682703943,0.41092261634763677,27.171894865734608,50.0,0.27310273307728944
