model,auc,accuracy,f1,sensitivity,specificity,validation_strategy,participants
ensemble,0.9369639794168098,0.8769230769230769,0.8974358974358975,0.9090909090903189,0.8301886792444998,nested_group_cv,260
lightgbm,0.9326145552560647,0.85,0.8721311475409836,0.8636363636358029,0.8301886792444998,nested_group_cv,260
xgboost,0.9307155109041902,0.8384615384615385,0.8711656441717791,0.9220779220773234,0.7169811320747953,nested_group_cv,260
random_forest,0.9276525361431022,0.85,0.8721311475409836,0.8636363636358029,0.8301886792444998,nested_group_cv,260
svm,0.9169321244792943,0.8807692307692307,0.898360655737705,0.889610389609812,0.867924528301068,nested_group_cv,260
