model,auc,accuracy,f1,sensitivity,specificity,validation_strategy,participants
xgboost,1.0,1.0,1.0,0.9999999999993507,0.9999999999990565,nested_group_cv,260
lightgbm,1.0,1.0,1.0,0.9999999999993507,0.9999999999990565,nested_group_cv,260
svm,1.0,1.0,1.0,0.9999999999993507,0.9999999999990565,nested_group_cv,260
ensemble,1.0,1.0,1.0,0.9999999999993507,0.9999999999990565,nested_group_cv,260
random_forest,0.9999999999999999,1.0,1.0,0.9999999999993507,0.9999999999990565,nested_group_cv,260
