model,auc,auc_ci_low,auc_ci_high,accuracy,f1,sensitivity,specificity,decision_threshold,evaluation_mode,validation_strategy,participants
lightgbm,0.9322469982847341,0.8956385000355911,0.9622255648961686,0.8692307692307693,0.8802816901408451,0.8116883116877847,0.9528301886783463,0.7203436670540057,full_nested,nested_group_cv,260
ensemble,0.920056358735604,0.8814606027659134,0.955237127137022,0.8692307692307693,0.8811188811188811,0.818181818181287,0.9433962264142043,0.7122906994665793,full_nested,nested_group_cv,260
random_forest,0.9149105611369763,0.8741163807890222,0.9514823273942693,0.8615384615384616,0.875,0.818181818181287,0.9245283018859203,0.5840886521483021,full_nested,nested_group_cv,260
xgboost,0.9082945356530261,0.864334821412463,0.9430446964548804,0.8653846153846154,0.8797250859106529,0.8311688311682915,0.9150943396217782,0.8620973229408264,full_nested,nested_group_cv,260
svm,0.8945724087233522,0.8490319350034023,0.9348556010727063,0.8692307692307693,0.8881578947368421,0.8766233766228074,0.858490566036926,0.5259992705547526,full_nested,nested_group_cv,260
