model,cv_auc,cv_std,validation
ensemble,0.9244700460829494,0.04768479678727869,nested_stratified_group_kfold
xgboost,0.9198952660242983,0.04142374607220699,nested_stratified_group_kfold
lightgbm,0.9183801145091468,0.05122374691649495,nested_stratified_group_kfold
random_forest,0.9148806032677002,0.034721676310498474,nested_stratified_group_kfold
svm,0.8782390727552019,0.0542753014966464,nested_stratified_group_kfold
